"place","pop2022","growthRate","area","country","cca3","cca2","ccn3","region","subregion","landAreaKm","density","densityMi","Rank","crimeIndex","rank"
862,28301696,0.00361,916445,"Venezuela","VEN","VE",862,"South America",South America,Latin America,882050,32.0863,83.1034,51,83.76,1
598,10142619,0.01942,462840,"Papua New Guinea","PNG","PG",598,"Oceania","Melanesia",452860,22.3968,58.0077,93,80.79,2
710,59893885,0.00845,1221037,"South Africa","ZAF","ZA",710,"Africa",Southern Africa,Sub-Saharan Africa,1213090,49.373,127.8761,24,76.86,3
4,41128771,0.02567,652230,"Afghanistan","AFG","AF",4,"Asia",South Central Asia,Southern Asia,652230,63.0587,163.322,36,76.31,4
340,10432860,0.01503,112492,"Honduras","HND","HN",340,"North America",Central America,Latin America,111890,93.2421,241.4971,89,74.54,5
780,1531044,0.00353,5130,"Trinidad And Tobago","TTO","TT",780,"North America","Caribbean",5130,298.4491,772.9832,153,71.63,6
328,808726,0.00517,214969,"Guyana","GUY","GY",328,"South America",South America,Latin America,196850,4.1083,10.6406,164,68.74,7
222,6336392,0.00352,21041,"El Salvador","SLV","SV",222,"North America",Central America,Latin America,20720,305.8104,792.049,112,67.79,8
76,215313498,0.00461,8515767,"Brazil","BRA","BR",76,"South America",South America,Latin America,8358140,25.7609,66.7208,7,67.49,9
388,2827377,-0.00011,10991,"Jamaica","JAM","JM",388,"North America","Caribbean",10830,261.069,676.1686,139,67.42,10
760,22125249,0.03756,185180,"Syria","SYR","SY",760,"Asia",Western Asia,The Middle East,183630,120.4882,312.0644,60,67.18,11
604,34049588,0.00991,1285216,"Peru","PER","PE",604,"South America",South America,Latin America,1280000,26.6012,68.8972,44,66.72,12
24,35588987,0.03145,1246700,"Angola","AGO","AO",24,"Africa",Middle Africa,Sub-Saharan Africa,1246700,28.5466,73.9356,42,66.48,13
120,27914536,0.02632,475442,"Cameroon","CMR","CM",120,"Africa",Middle Africa,Sub-Saharan Africa,472710,59.0521,152.945,53,65.24,14
516,2567012,0.01457,825615,"Namibia","NAM","NA",516,"Africa",Southern Africa,Sub-Saharan Africa,823290,3.118,8.0756,145,65.21,15
566,218541212,0.02409,923768,"Nigeria","NGA","NG",566,"Africa",Western Africa,Sub-Saharan Africa,910770,239.9521,621.476,6,64.06,16
50,171186372,0.01081,147570,"Bangladesh","BGD","BD",50,"Asia",Southern Asia,South Central Asia,130170,1315.0985,3406.1051,8,63.9,17
32,45510318,0.00516,2780400,"Argentina","ARG","AR",32,"South America",South America,Latin America,2736690,16.6297,43.0709,33,63.82,18
630,3252407,-0.00111,8870,"Puerto Rico","PRI","PR",630,"North America","Caribbean",8870,366.675,949.6882,136,62.84,19
44,409984,0.00509,13943,"Bahamas","BHS","BS",44,"North America","Caribbean",10010,40.9574,106.0798,176,62.06,20
434,6812341,0.01144,1759540,"Libya","LBY","LY",434,"Africa","Northern Africa",1759540,3.8717,10.0276,107,61.78,21
214,11228821,0.00998,48671,"Dominican Republic","DOM","DO",214,"North America","Caribbean",48310,232.4326,602.0005,84,61.02,22
404,54027487,0.01928,580367,"Kenya","KEN","KE",404,"Africa",Eastern Africa,Sub-Saharan Africa,569140,94.9283,245.8643,27,60.14,23
112,9534954,-0.00451,207600,"Belarus","BLR","BY",112,"Europe","Eastern Europe",202980,46.9748,121.6648,96,59.58,24
716,16320537,0.02045,390757,"Zimbabwe","ZWE","ZW",716,"Africa",Eastern Africa,Sub-Saharan Africa,386850,42.1883,109.2677,74,59.3,25
320,17843908,0.01337,108889,"Guatemala","GTM","GT",320,"North America",Central America,Latin America,107160,166.5165,431.2777,68,58.67,26
68,12224110,0.01197,1098581,"Bolivia","BOL","BO",68,"South America",South America,Latin America,1083300,11.2841,29.2259,80,57.77,27
242,929766,0.00558,18272,"Fiji","FJI","FJ",242,"Oceania","Melanesia",18270,50.8903,131.8059,162,57.62,28
458,33938221,0.01085,330803,"Malaysia","MYS","MY",458,"Asia","South-Eastern Asia",328550,103.297,267.5392,45,57.29,29
170,51874024,0.00694,1141748,"Colombia","COL","CO",170,"South America",South America,Latin America,1109500,46.7544,121.0939,28,56.87,30
417,6630623,0.01576,199951,"Kyrgyzstan","KGZ","KG",417,"Asia",Central Asia,South Central Asia,191800,34.5705,89.5376,110,56.87,31
800,47249585,0.03044,241550,"Uganda","UGA","UG",800,"Africa",Eastern Africa,Sub-Saharan Africa,200520,235.6353,610.2954,31,56.12,32
706,17597511,0.03117,637657,"Somalia","SOM","SO",706,"Africa",Eastern Africa,Sub-Saharan Africa,627340,28.051,72.6521,70,56.04,33
496,3398366,0.01511,1564110,"Mongolia","MNG","MN",496,"Asia","Eastern Asia",1557506.8,2.1819,5.6512,134,56.01,34
834,65497748,0.03003,945087,"Tanzania","TZA","TZ",834,"Africa",Eastern Africa,Sub-Saharan Africa,885800,73.9419,191.5096,22,56,35
462,523787.00000000006,0.00447,300,"Maldives","MDV","MV",462,"Asia",Southern Asia,South Central Asia,300,1745.9567,4522.0278,174,55.34,36
218,18001000,0.01142,276841,"Ecuador","ECU","EC",218,"South America",South America,Latin America,248360,72.4795,187.7218,67,55.23,37
188,5180829,0.00521,51100,"Costa Rica","CRI","CR",188,"North America",Central America,Latin America,51060,101.4655,262.7957,124,54.22,38
484,127504125,0.00631,1964375,"Mexico","MEX","MX",484,"North America",Central America,Latin America,1943950,65.5902,169.8787,10,54.19,39
398,19397998,0.0105,2724900,"Kazakhstan","KAZ","KZ",398,"Asia","Central Asia",2699700,7.1852,18.6098,66,53.77,40
152,19603733,0.00567,756102,"Chile","CHL","CL",152,"South America",South America,Latin America,743532,26.3657,68.2871,65,53.42,41
72,2630296,0.01618,582000,"Botswana","BWA","BW",72,"Africa",Southern Africa,Sub-Saharan Africa,566730,4.6412,12.0207,144,52.98,42
12,44903225,0.01642,2381741,"Algeria","DZA","DZ",12,"Africa","Northern Africa",2381741,18.8531,48.8296,34,52.03,43
250,64626628,0.00148,551695,"France","FRA","FR",250,"Europe","Western Europe",547557,118.0272,305.6905,23,51.99,44
858,3422794,-0.00101,181034,"Uruguay","URY","UY",858,"South America",South America,Latin America,175020,19.5566,50.6516,133,51.73,45
116,16767842,0.01078,181035,"Cambodia","KHM","KH",116,"Asia","South-Eastern Asia",176520,94.9912,246.0271,73,51.13,46
84,405272,0.0131,22966,"Belize","BLZ","BZ",84,"North America",Central America,Latin America,22810,17.7673,46.0173,177,50.39,47
364,88550570,0.00713,1648195,"Iran","IRN","IR",364,"Asia",Southern Asia,The Middle East,1622500,54.5766,141.3535,17,49.38,48
600,6780744,0.01148,406752,"Paraguay","PRY","PY",600,"South America",South America,Latin America,397300,17.0671,44.2037,109,49.37,49
231,123379924,0.02575,1104300,"Ethiopia","ETH","ET",231,"Africa",Eastern Africa,Sub-Saharan Africa,1128571.3,109.324,283.1491,12,49.3,50
480,1299469,0.00043,2040,"Mauritius","MUS","MU",480,"Africa",Eastern Africa,Sub-Saharan Africa,2030,640.1325,1657.9432,157,48.88,51
504,37457971,0.01029,446550,"Morocco","MAR","MA",504,"Africa","Northern Africa",446300,83.93,217.3788,40,48.66,52
368,44496122,0.02211,438317,"Iraq","IRQ","IQ",368,"Asia",Western Asia,The Middle East,434128,102.4954,265.4631,35,48.42,53
752,10549347,0.00786,450295,"Sweden","SWE","SE",752,"Europe","Northern Europe",407283.5,25.9017,67.0855,87,48,54
558,6948392,0.01428,130373,"Nicaragua","NIC","NI",558,"North America",Central America,Latin America,120340,57.7397,149.5457,106,47.89,55
840,338289857,0.00384,9372610,"United States","USA","US",840,"North America","Northern America",9147420,36.982,95.7834,3,47.81,56
804,39701739,-0.08798,603500,"Ukraine","UKR","UA",804,"Europe","Eastern Europe",579400,68.5222,177.4724,38,47.42,57
288,33475870.000000004,0.01958,238533,"Ghana","GHA","GH",288,"Africa",Western Africa,Sub-Saharan Africa,227533,147.1253,381.0546,47,46.98,58
818,110990103,0.01581,1002450,"Egypt","EGY","EG",818,"Africa",Northern Africa,The Middle East,995450,111.4974,288.7783,14,46.83,59
422,5489739,-0.0184,10452,"Lebanon","LBN","LB",422,"Asia",Western Asia,The Middle East,10230,536.6314,1389.8753,119,46.77,60
104,54179306,0.00709,676578,"Myanmar","MMR","MM",104,"Asia","South-Eastern Asia",652670,83.0118,215.0005,26,46.51,61
498,3272996,0.06908,33846,"Moldova","MDA","MD",498,"Europe","Eastern Europe",32884.6,99.5297,257.7821,135,46.35,62
704,98186856,0.00738,331212,"Vietnam","VNM","VN",704,"Asia","South-Eastern Asia",313429,313.2667,811.3606,16,46.19,63
826,67508936,0.00339,242900,"United Kingdom","GBR","GB",826,"Europe","Northern Europe",241930,279.0433,722.722,21,46.07,64
360,275501339,0.00639,1904569,"Indonesia","IDN","ID",360,"Asia","South-Eastern Asia",1877519,146.7369,380.0486,4,45.93,65
300,10384971,-0.00578,131990,"Greece","GRC","GR",300,"Europe","Southern Europe",128900,80.5661,208.6662,90,45.85,66
372,5023109,0.00734,70273,"Ireland","IRL","IE",372,"Europe","Northern Europe",68890,72.9149,188.8496,125,45.51,67
591,4408581,0.01317,75417,"Panama","PAN","PA",591,"North America",Central America,Latin America,74180,59.4309,153.9259,128,45.15,68
380,59037474,-0.00342,301336,"Italy","ITA","IT",380,"Europe","Southern Europe",295717,199.6418,517.0723,25,44.85,69
56,11655930,0.00383,30528,"Belgium","BEL","BE",56,"Europe","Western Europe",30280,384.9382,996.99,81,44.58,70
356,1417173173,0.00683,3287590,"India","IND","IN",356,"Asia",Southern Asia,South Central Asia,2973190,476.6507,1234.5254,2,44.43,71
275,5250072,0.02273,6220,"Palestine","PSE","PS",275,"Asia",Western Asia,The Middle East,6020,872.105,2258.7519,122,43.74,72
788,12356117,0.0076,163610,"Tunisia","TUN","TN",788,"Africa","Northern Africa",155360,79.5322,205.9883,79,43.69,73
894,20017675,0.02796,752612,"Zambia","ZMB","ZM",894,"Africa",Eastern Africa,Sub-Saharan Africa,743390,26.9276,69.7424,63,43.62,74
36,26177413,0.00989,7692024,"Australia","AUS","AU",36,"Oceania","Australia and New Zealand",7692020,3.4032,8.8143,55,43.03,75
70,3233526,-0.01144,51209,"Bosnia And Herzegovina","BIH","BA",70,"Europe","Southern Europe",51200,63.1548,163.5709,137,42.99,76
554,5185288,0.01083,270467,"New Zealand","NZL","NZ",554,"Oceania","Australia and New Zealand",263310,19.6927,51.0041,123,42.88,77
8,2842321,-0.00434,28748,"Albania","ALB","AL",8,"Europe","Southern Europe",27400,103.7343,268.6719,138,42.53,78
586,235824862,0.01911,881912,"Pakistan","PAK","PK",586,"Asia",Southern Asia,South Central Asia,770880,305.9164,792.3236,5,42.51,79
608,115559009,0.01474,342353,"Philippines","PHL","PH",608,"Asia","South-Eastern Asia",298170,387.5608,1003.7825,13,42.46,80
729,46874204,0.02666,1886068,"Sudan","SDN","SD",729,"Africa","Northern Africa",1868000,25.0933,64.9915,32,42.34,81
124,38454327,0.00785,9984670,"Canada","CAN","CA",124,"North America","Northern America",8965590,4.2891,11.1088,39,41.89,82
144,21832143,0.0027,65610,"Sri Lanka","LKA","LK",144,"Asia",Southern Asia,South Central Asia,61860,352.9283,914.0842,61,41.39,83
499,627082,-0.00124,13812,"Montenegro","MNE","ME",499,"Europe","Southern Europe",13450,46.6232,120.7541,169,41.18,84
470,533286,0.01241,316,"Malta","MLT","MT",470,"Europe","Southern Europe",320,1666.5188,4316.2836,173,40.39,85
643,144713314,-0.00268,17098242,"Russia","RUS","RU",643,"Europe","Eastern Europe",16376870,8.8364,22.8864,9,39.99,86
400,11285869,0.01234,89342,"Jordan","JOR","JO",400,"Asia",Western Asia,The Middle East,88794,127.1017,329.1934,83,39.96,87
792,85341241,0.00668,783562,"Turkey","TUR","TR",792,"Asia",Western Asia,The Middle East,783562,108.9145,282.0885,18,39.62,88
764,71697030,0.00134,513120,"Thailand","THA","TH",764,"Asia","South-Eastern Asia",510890,140.3375,363.4741,20,39.35,89
807,2093599.0000000002,-0.00463,25713,"North Macedonia","MKD","MK",807,"Europe","Southern Europe",25220,83.0134,215.0048,150,39.12,90
428,1850651,-0.01242,64559,"Latvia","LVA","LV",428,"Europe","Northern Europe",62230,29.7389,77.0237,151,38.77,91
100,6781953,-0.01509,110879,"Bulgaria","BGR","BG",100,"Europe","Eastern Europe",108560,62.4719,161.8023,108,38.21,92
688,7221365,-0.01033,88361,"Serbia","SRB","RS",688,"Europe","Southern Europe",87460,82.5676,213.8502,105,38.1,93
524,30547580,0.01707,147181,"Nepal","NPL","NP",524,"Asia",Southern Asia,South Central Asia,143350,213.0979,551.9235,49,36.01,94
276,83369843,-0.00046,357114,"Germany","DEU","DE",276,"Europe","Western Europe",349390,238.6154,618.0139,19,35.79,95
348,9967308,0.02652,93028,"Hungary","HUN","HU",348,"Europe","Eastern Europe",91260,109.2188,282.8767,94,34.36,96
442,647599,0.01295,2586,"Luxembourg","LUX","LU",442,"Europe","Western Europe",2574.5,251.5436,651.4979,168,34.13,97
578,5434319,0.00579,323802,"Norway","NOR","NO",578,"Europe","Northern Europe",364285,14.9178,38.637,120,33.72,98
860,34627652,0.01603,447400,"Uzbekistan","UZB","UZ",860,"Asia",Central Asia,South Central Asia,440650,78.5831,203.5303,43,33.42,99
414,4268873,0.00441,17818,"Kuwait","KWT","KW",414,"Asia",Western Asia,The Middle East,17820,239.5552,620.4479,129,33.42,100
440,2750055,-0.01313,65300,"Lithuania","LTU","LT",440,"Europe","Northern Europe",62620,43.9166,113.7439,141,33.42,101
724,47558630,0.00151,505992,"Spain","ESP","ES",724,"Europe","Southern Europe",499556.6,95.2017,246.5724,30,33.32,102
31,10358074,0.00437,86600,"Azerbaijan","AZE","AZ",31,"Asia","Western Asia",82646,125.3306,324.6063,91,32.02,103
376,9038309,0.01553,20770,"Israel","ISR","IL",376,"Asia",Western Asia,The Middle East,21640,417.6668,1081.7569,98,31.47,104
196,1251488,0.00587,9251,"Cyprus","CYP","CY",196,"Europe",Eastern Europe,The Middle East,9240,135.4424,350.7959,158,31.28,105
616,39857145,0.04045,312679,"Poland","POL","PL",616,"Europe","Eastern Europe",306130,130.1968,337.2097,37,30.5,106
703,5643453,0.03595,49037,"Slovakia","SVK","SK",703,"Europe","Eastern Europe",49035,115.0903,298.0839,116,30.37,107
156,1425887337,0,9706961,"China","CHN","CN",156,"Asia","Eastern Asia",9424702.9,151.2926,391.8477,1,30.14,108
620,10270865,-0.00187,92090,"Portugal","PRT","PT",620,"Europe","Southern Europe",91605.6,112.1205,290.3921,92,29.91,109
96,449002,0.00815,5765,"Brunei","BRN","BN",96,"Asia","South-Eastern Asia",5270,85.1996,220.667,175,29,110
192,11212191,-0.00393,109884,"Cuba","CUB","CU",192,"North America","Caribbean",103800,108.0173,279.7647,85,28.33,111
642,19659267,0.01711,238391,"Romania","ROU","RO",642,"Europe","Eastern Europe",230080,85.4454,221.3035,64,28.3,112
702,5975689,0.00583,710,"Singapore","SGP","SG",702,"Asia","South-Eastern Asia",718,8322.6866,21555.7584,113,27.96,113
246,5540745,0.00086,338424,"Finland","FIN","FI",246,"Europe","Northern Europe",303940,18.2297,47.215,118,27.59,114
528,17564014,0.00356,41850,"Netherlands","NLD","NL",528,"Europe","Western Europe",33670,521.6517,1351.078,71,27.16,115
410,51815810,-0.00028,100210,"South Korea","KOR","KR",410,"Asia","Eastern Asia",97600,530.8997,1375.0302,29,26.68,116
208,5882261,0.00479,43094,"Denmark","DNK","DK",208,"Europe","Northern Europe",40000,147.0565,380.8764,115,26.22,117
48,1472233,0.00613,765,"Bahrain","BHR","BH",48,"Asia",Western Asia,The Middle East,785,1875.4561,4857.4312,154,25.64,118
40,8939617,0.00197,83871,"Austria","AUT","AT",40,"Europe","Western Europe",82520,108.3327,280.5818,99,25.54,119
203,10493986,-0.0016,78865,"Czech Republic","CZE","CZ",203,"Europe","Eastern Europe",77198.5,135.9351,352.0719,88,25.52,120
682,36408820,0.01275,2149690,"Saudi Arabia","SAU","SA",682,"Asia",Western Asia,The Middle East,2149690,16.9368,43.8663,41,25.23,121
646,13776698,0.02339,26338,"Rwanda","RWA","RW",646,"Africa",Eastern Africa,Sub-Saharan Africa,24670,558.4393,1446.3578,76,24.89,122
191,4030358,-0.00733,56594,"Croatia","HRV","HR",191,"Europe","Southern Europe",55960,72.0221,186.5373,130,24.59,123
352,372899,0.00692,103000,"Iceland","ISL","IS",352,"Europe","Northern Europe",100830,3.6983,9.5786,179,23.75,124
233,1326062,-0.00199,45227,"Estonia","EST","EE",233,"Europe","Northern Europe",42750,31.019,80.3392,156,23.71,125
268,3744385,-0.00362,69700,"Georgia","GEO","GE",268,"Asia","Western Asia",69490,53.8838,139.559,131,23.38,126
51,2780469,-0.00376,29743,"Armenia","ARM","AM",51,"Asia","Western Asia",28470,97.6631,252.9475,140,22.79,127
705,2119844,0.00021,20273,"Slovenia","SVN","SI",705,"Europe","Southern Europe",20136.4,105.2742,272.6603,148,22.28,128
392,123951692,-0.0053,377930,"Japan","JPN","JP",392,"Asia","Eastern Asia",364500,340.0595,880.7541,11,22.19,129
344,7488865,-0.00076,1104,"Hong Kong","HKG","HK",344,"Asia","Eastern Asia",1050,7132.2524,18472.5337,104,22,130
756,8740472,0.00565,41284,"Switzerland","CHE","CH",756,"Europe","Western Europe",39516,221.1882,572.8774,101,21.62,131
512,4576298,0.01235,309500,"Oman","OMN","OM",512,"Asia",Western Asia,The Middle East,309500,14.7861,38.296,127,20.34,132
833,84519,0.00304,572,"Isle Of Man","IMN","IM",833,"Europe","Northern Europe",570,148.2789,384.0425,202,19.25,133
158,23893394,0.0014,36193,"Taiwan","TWN","TW",158,"Asia","Eastern Asia",36197,660.0932,1709.6414,57,15.46,134
784,9441129,0.00811,83600,"United Arab Emirates","ARE","AE",784,"Asia",Western Asia,The Middle East,71020,132.9362,344.3048,97,15.23,135
634,2695122,0.00256,11586,"Qatar","QAT","QA",634,"Asia",Western Asia,The Middle East,11490,234.5624,607.5166,143,12.13,136